timestamp;epoch;genotype_normal;genotype_reduce;genotype_full;train_acc;valid_acc
17/12/2025 16:52;0;('dil_conv_5x5', 1), ('sep_conv_3x3', 0), ('dil_conv_3x3', 2), ('dil_conv_5x5', 1), ('avg_pool_3x3', 1), ('dil_conv_5x5', 2), ('dil_conv_3x3', 0), ('max_pool_3x3', 3);('avg_pool_3x3', 1), ('sep_conv_5x5', 0), ('dil_conv_5x5', 0), ('sep_conv_3x3', 1), ('max_pool_3x3', 0), ('avg_pool_3x3', 2), ('sep_conv_3x3', 4), ('sep_conv_3x3', 0);Genotype(normal=[('dil_conv_5x5', 1), ('sep_conv_3x3', 0), ('dil_conv_3x3', 2), ('dil_conv_5x5', 1), ('avg_pool_3x3', 1), ('dil_conv_5x5', 2), ('dil_conv_3x3', 0), ('max_pool_3x3', 3)], normal_concat=range(2, 6), reduce=[('avg_pool_3x3', 1), ('sep_conv_5x5', 0), ('dil_conv_5x5', 0), ('sep_conv_3x3', 1), ('max_pool_3x3', 0), ('avg_pool_3x3', 2), ('sep_conv_3x3', 4), ('sep_conv_3x3', 0)], reduce_concat=range(2, 6));41,112;50,784
17/12/2025 17:02;1;('dil_conv_3x3', 0), ('sep_conv_5x5', 1), ('sep_conv_3x3', 1), ('sep_conv_3x3', 2), ('sep_conv_3x3', 2), ('dil_conv_3x3', 3), ('sep_conv_3x3', 3), ('sep_conv_5x5', 4);('skip_connect', 0), ('sep_conv_5x5', 1), ('sep_conv_5x5', 1), ('sep_conv_5x5', 2), ('dil_conv_3x3', 3), ('sep_conv_5x5', 1), ('max_pool_3x3', 1), ('max_pool_3x3', 0);Genotype(normal=[('dil_conv_3x3', 0), ('sep_conv_5x5', 1), ('sep_conv_3x3', 1), ('sep_conv_3x3', 2), ('sep_conv_3x3', 2), ('dil_conv_3x3', 3), ('sep_conv_3x3', 3), ('sep_conv_5x5', 4)], normal_concat=range(2, 6), reduce=[('skip_connect', 0), ('sep_conv_5x5', 1), ('sep_conv_5x5', 1), ('sep_conv_5x5', 2), ('dil_conv_3x3', 3), ('sep_conv_5x5', 1), ('max_pool_3x3', 1), ('max_pool_3x3', 0)], reduce_concat=range(2, 6));57,588;62,116
17/12/2025 17:11;2;('max_pool_3x3', 0), ('sep_conv_5x5', 1), ('sep_conv_3x3', 1), ('sep_conv_3x3', 2), ('dil_conv_3x3', 3), ('sep_conv_3x3', 2), ('sep_conv_5x5', 2), ('sep_conv_3x3', 1);('sep_conv_5x5', 1), ('sep_conv_5x5', 0), ('sep_conv_5x5', 2), ('sep_conv_5x5', 1), ('dil_conv_5x5', 2), ('dil_conv_3x3', 3), ('sep_conv_5x5', 4), ('sep_conv_3x3', 2);Genotype(normal=[('max_pool_3x3', 0), ('sep_conv_5x5', 1), ('sep_conv_3x3', 1), ('sep_conv_3x3', 2), ('dil_conv_3x3', 3), ('sep_conv_3x3', 2), ('sep_conv_5x5', 2), ('sep_conv_3x3', 1)], normal_concat=range(2, 6), reduce=[('sep_conv_5x5', 1), ('sep_conv_5x5', 0), ('sep_conv_5x5', 2), ('sep_conv_5x5', 1), ('dil_conv_5x5', 2), ('dil_conv_3x3', 3), ('sep_conv_5x5', 4), ('sep_conv_3x3', 2)], reduce_concat=range(2, 6));65,188;66,516
17/12/2025 17:21;3;('sep_conv_5x5', 1), ('max_pool_3x3', 0), ('sep_conv_3x3', 1), ('sep_conv_3x3', 2), ('sep_conv_3x3', 2), ('dil_conv_3x3', 3), ('sep_conv_5x5', 3), ('sep_conv_5x5', 4);('sep_conv_5x5', 1), ('sep_conv_5x5', 0), ('sep_conv_5x5', 2), ('sep_conv_5x5', 1), ('dil_conv_5x5', 2), ('dil_conv_5x5', 3), ('dil_conv_5x5', 3), ('dil_conv_5x5', 4);Genotype(normal=[('sep_conv_5x5', 1), ('max_pool_3x3', 0), ('sep_conv_3x3', 1), ('sep_conv_3x3', 2), ('sep_conv_3x3', 2), ('dil_conv_3x3', 3), ('sep_conv_5x5', 3), ('sep_conv_5x5', 4)], normal_concat=range(2, 6), reduce=[('sep_conv_5x5', 1), ('sep_conv_5x5', 0), ('sep_conv_5x5', 2), ('sep_conv_5x5', 1), ('dil_conv_5x5', 2), ('dil_conv_5x5', 3), ('dil_conv_5x5', 3), ('dil_conv_5x5', 4)], reduce_concat=range(2, 6));70,732;70,724
17/12/2025 17:30;4;('sep_conv_5x5', 1), ('max_pool_3x3', 0), ('sep_conv_3x3', 1), ('sep_conv_3x3', 2), ('sep_conv_3x3', 2), ('sep_conv_5x5', 1), ('sep_conv_5x5', 4), ('sep_conv_5x5', 3);('sep_conv_5x5', 1), ('sep_conv_5x5', 0), ('sep_conv_5x5', 2), ('sep_conv_5x5', 1), ('dil_conv_5x5', 2), ('dil_conv_5x5', 3), ('sep_conv_5x5', 3), ('skip_connect', 0);Genotype(normal=[('sep_conv_5x5', 1), ('max_pool_3x3', 0), ('sep_conv_3x3', 1), ('sep_conv_3x3', 2), ('sep_conv_3x3', 2), ('sep_conv_5x5', 1), ('sep_conv_5x5', 4), ('sep_conv_5x5', 3)], normal_concat=range(2, 6), reduce=[('sep_conv_5x5', 1), ('sep_conv_5x5', 0), ('sep_conv_5x5', 2), ('sep_conv_5x5', 1), ('dil_conv_5x5', 2), ('dil_conv_5x5', 3), ('sep_conv_5x5', 3), ('skip_connect', 0)], reduce_concat=range(2, 6));74,376;74,816
17/12/2025 17:40;5;('sep_conv_5x5', 1), ('max_pool_3x3', 0), ('sep_conv_3x3', 1), ('sep_conv_3x3', 2), ('sep_conv_3x3', 2), ('sep_conv_5x5', 1), ('sep_conv_3x3', 3), ('sep_conv_5x5', 4);('sep_conv_5x5', 1), ('sep_conv_5x5', 0), ('sep_conv_5x5', 2), ('sep_conv_5x5', 1), ('dil_conv_5x5', 2), ('dil_conv_5x5', 3), ('sep_conv_5x5', 3), ('sep_conv_3x3', 2);Genotype(normal=[('sep_conv_5x5', 1), ('max_pool_3x3', 0), ('sep_conv_3x3', 1), ('sep_conv_3x3', 2), ('sep_conv_3x3', 2), ('sep_conv_5x5', 1), ('sep_conv_3x3', 3), ('sep_conv_5x5', 4)], normal_concat=range(2, 6), reduce=[('sep_conv_5x5', 1), ('sep_conv_5x5', 0), ('sep_conv_5x5', 2), ('sep_conv_5x5', 1), ('dil_conv_5x5', 2), ('dil_conv_5x5', 3), ('sep_conv_5x5', 3), ('sep_conv_3x3', 2)], reduce_concat=range(2, 6));77,12;74,104
17/12/2025 17:49;6;('sep_conv_5x5', 1), ('sep_conv_3x3', 0), ('sep_conv_3x3', 1), ('sep_conv_3x3', 2), ('sep_conv_3x3', 2), ('sep_conv_5x5', 1), ('sep_conv_3x3', 3), ('sep_conv_3x3', 1);('sep_conv_5x5', 1), ('max_pool_3x3', 0), ('sep_conv_5x5', 2), ('sep_conv_5x5', 1), ('dil_conv_5x5', 2), ('dil_conv_5x5', 3), ('dil_conv_5x5', 3), ('sep_conv_3x3', 2);Genotype(normal=[('sep_conv_5x5', 1), ('sep_conv_3x3', 0), ('sep_conv_3x3', 1), ('sep_conv_3x3', 2), ('sep_conv_3x3', 2), ('sep_conv_5x5', 1), ('sep_conv_3x3', 3), ('sep_conv_3x3', 1)], normal_concat=range(2, 6), reduce=[('sep_conv_5x5', 1), ('max_pool_3x3', 0), ('sep_conv_5x5', 2), ('sep_conv_5x5', 1), ('dil_conv_5x5', 2), ('dil_conv_5x5', 3), ('dil_conv_5x5', 3), ('sep_conv_3x3', 2)], reduce_concat=range(2, 6));79,056;76,792
17/12/2025 17:59;7;('sep_conv_5x5', 1), ('sep_conv_3x3', 0), ('sep_conv_3x3', 1), ('sep_conv_3x3', 2), ('sep_conv_3x3', 2), ('sep_conv_5x5', 1), ('sep_conv_3x3', 3), ('sep_conv_3x3', 1);('sep_conv_5x5', 1), ('max_pool_3x3', 0), ('sep_conv_5x5', 2), ('sep_conv_5x5', 1), ('dil_conv_5x5', 2), ('dil_conv_5x5', 3), ('dil_conv_5x5', 3), ('sep_conv_3x3', 2);Genotype(normal=[('sep_conv_5x5', 1), ('sep_conv_3x3', 0), ('sep_conv_3x3', 1), ('sep_conv_3x3', 2), ('sep_conv_3x3', 2), ('sep_conv_5x5', 1), ('sep_conv_3x3', 3), ('sep_conv_3x3', 1)], normal_concat=range(2, 6), reduce=[('sep_conv_5x5', 1), ('max_pool_3x3', 0), ('sep_conv_5x5', 2), ('sep_conv_5x5', 1), ('dil_conv_5x5', 2), ('dil_conv_5x5', 3), ('dil_conv_5x5', 3), ('sep_conv_3x3', 2)], reduce_concat=range(2, 6));81,012;78,6
17/12/2025 18:08;8;('sep_conv_5x5', 1), ('sep_conv_3x3', 0), ('sep_conv_3x3', 1), ('sep_conv_3x3', 2), ('sep_conv_3x3', 2), ('sep_conv_5x5', 1), ('sep_conv_3x3', 3), ('sep_conv_3x3', 1);('max_pool_3x3', 0), ('sep_conv_5x5', 1), ('sep_conv_5x5', 2), ('sep_conv_5x5', 1), ('dil_conv_5x5', 2), ('dil_conv_5x5', 3), ('dil_conv_5x5', 3), ('max_pool_3x3', 0);Genotype(normal=[('sep_conv_5x5', 1), ('sep_conv_3x3', 0), ('sep_conv_3x3', 1), ('sep_conv_3x3', 2), ('sep_conv_3x3', 2), ('sep_conv_5x5', 1), ('sep_conv_3x3', 3), ('sep_conv_3x3', 1)], normal_concat=range(2, 6), reduce=[('max_pool_3x3', 0), ('sep_conv_5x5', 1), ('sep_conv_5x5', 2), ('sep_conv_5x5', 1), ('dil_conv_5x5', 2), ('dil_conv_5x5', 3), ('dil_conv_5x5', 3), ('max_pool_3x3', 0)], reduce_concat=range(2, 6));82,56;79,228
17/12/2025 18:18;9;('sep_conv_5x5', 1), ('sep_conv_3x3', 0), ('sep_conv_3x3', 1), ('sep_conv_3x3', 2), ('sep_conv_3x3', 2), ('sep_conv_5x5', 1), ('sep_conv_5x5', 3), ('sep_conv_3x3', 1);('max_pool_3x3', 0), ('sep_conv_5x5', 1), ('sep_conv_5x5', 2), ('max_pool_3x3', 0), ('dil_conv_5x5', 2), ('max_pool_3x3', 0), ('dil_conv_5x5', 3), ('max_pool_3x3', 0);Genotype(normal=[('sep_conv_5x5', 1), ('sep_conv_3x3', 0), ('sep_conv_3x3', 1), ('sep_conv_3x3', 2), ('sep_conv_3x3', 2), ('sep_conv_5x5', 1), ('sep_conv_5x5', 3), ('sep_conv_3x3', 1)], normal_concat=range(2, 6), reduce=[('max_pool_3x3', 0), ('sep_conv_5x5', 1), ('sep_conv_5x5', 2), ('max_pool_3x3', 0), ('dil_conv_5x5', 2), ('max_pool_3x3', 0), ('dil_conv_5x5', 3), ('max_pool_3x3', 0)], reduce_concat=range(2, 6));83,132;81,048
17/12/2025 18:27;10;('sep_conv_5x5', 1), ('sep_conv_3x3', 0), ('sep_conv_3x3', 1), ('sep_conv_3x3', 2), ('sep_conv_5x5', 1), ('sep_conv_3x3', 2), ('sep_conv_5x5', 3), ('sep_conv_3x3', 1);('max_pool_3x3', 0), ('sep_conv_5x5', 1), ('sep_conv_5x5', 2), ('max_pool_3x3', 0), ('max_pool_3x3', 0), ('dil_conv_5x5', 2), ('dil_conv_5x5', 3), ('max_pool_3x3', 0);Genotype(normal=[('sep_conv_5x5', 1), ('sep_conv_3x3', 0), ('sep_conv_3x3', 1), ('sep_conv_3x3', 2), ('sep_conv_5x5', 1), ('sep_conv_3x3', 2), ('sep_conv_5x5', 3), ('sep_conv_3x3', 1)], normal_concat=range(2, 6), reduce=[('max_pool_3x3', 0), ('sep_conv_5x5', 1), ('sep_conv_5x5', 2), ('max_pool_3x3', 0), ('max_pool_3x3', 0), ('dil_conv_5x5', 2), ('dil_conv_5x5', 3), ('max_pool_3x3', 0)], reduce_concat=range(2, 6));84,792;79,624
17/12/2025 18:37;11;('sep_conv_5x5', 1), ('sep_conv_3x3', 0), ('sep_conv_3x3', 1), ('sep_conv_3x3', 2), ('sep_conv_5x5', 1), ('sep_conv_3x3', 2), ('sep_conv_3x3', 3), ('sep_conv_3x3', 1);('max_pool_3x3', 0), ('sep_conv_5x5', 1), ('sep_conv_5x5', 2), ('max_pool_3x3', 0), ('max_pool_3x3', 0), ('dil_conv_5x5', 2), ('dil_conv_5x5', 3), ('max_pool_3x3', 0);Genotype(normal=[('sep_conv_5x5', 1), ('sep_conv_3x3', 0), ('sep_conv_3x3', 1), ('sep_conv_3x3', 2), ('sep_conv_5x5', 1), ('sep_conv_3x3', 2), ('sep_conv_3x3', 3), ('sep_conv_3x3', 1)], normal_concat=range(2, 6), reduce=[('max_pool_3x3', 0), ('sep_conv_5x5', 1), ('sep_conv_5x5', 2), ('max_pool_3x3', 0), ('max_pool_3x3', 0), ('dil_conv_5x5', 2), ('dil_conv_5x5', 3), ('max_pool_3x3', 0)], reduce_concat=range(2, 6));85,644;81,504
17/12/2025 18:46;12;('sep_conv_5x5', 1), ('sep_conv_3x3', 0), ('sep_conv_3x3', 1), ('sep_conv_3x3', 2), ('sep_conv_5x5', 1), ('sep_conv_3x3', 2), ('sep_conv_3x3', 3), ('sep_conv_3x3', 1);('max_pool_3x3', 0), ('sep_conv_5x5', 1), ('sep_conv_5x5', 2), ('max_pool_3x3', 0), ('max_pool_3x3', 0), ('dil_conv_5x5', 2), ('dil_conv_5x5', 3), ('max_pool_3x3', 0);Genotype(normal=[('sep_conv_5x5', 1), ('sep_conv_3x3', 0), ('sep_conv_3x3', 1), ('sep_conv_3x3', 2), ('sep_conv_5x5', 1), ('sep_conv_3x3', 2), ('sep_conv_3x3', 3), ('sep_conv_3x3', 1)], normal_concat=range(2, 6), reduce=[('max_pool_3x3', 0), ('sep_conv_5x5', 1), ('sep_conv_5x5', 2), ('max_pool_3x3', 0), ('max_pool_3x3', 0), ('dil_conv_5x5', 2), ('dil_conv_5x5', 3), ('max_pool_3x3', 0)], reduce_concat=range(2, 6));86,268;82,24
17/12/2025 18:56;13;('sep_conv_5x5', 1), ('sep_conv_3x3', 0), ('sep_conv_3x3', 1), ('sep_conv_3x3', 2), ('sep_conv_3x3', 2), ('sep_conv_5x5', 1), ('sep_conv_3x3', 3), ('sep_conv_3x3', 1);('max_pool_3x3', 0), ('sep_conv_5x5', 1), ('sep_conv_5x5', 2), ('max_pool_3x3', 0), ('max_pool_3x3', 0), ('dil_conv_5x5', 2), ('max_pool_3x3', 0), ('dil_conv_5x5', 3);Genotype(normal=[('sep_conv_5x5', 1), ('sep_conv_3x3', 0), ('sep_conv_3x3', 1), ('sep_conv_3x3', 2), ('sep_conv_3x3', 2), ('sep_conv_5x5', 1), ('sep_conv_3x3', 3), ('sep_conv_3x3', 1)], normal_concat=range(2, 6), reduce=[('max_pool_3x3', 0), ('sep_conv_5x5', 1), ('sep_conv_5x5', 2), ('max_pool_3x3', 0), ('max_pool_3x3', 0), ('dil_conv_5x5', 2), ('max_pool_3x3', 0), ('dil_conv_5x5', 3)], reduce_concat=range(2, 6));87,396;82,068
17/12/2025 19:05;14;('sep_conv_5x5', 1), ('sep_conv_3x3', 0), ('sep_conv_3x3', 1), ('sep_conv_3x3', 2), ('sep_conv_5x5', 1), ('sep_conv_3x3', 2), ('sep_conv_3x3', 1), ('sep_conv_3x3', 3);('max_pool_3x3', 0), ('sep_conv_5x5', 1), ('sep_conv_5x5', 2), ('max_pool_3x3', 0), ('max_pool_3x3', 0), ('sep_conv_3x3', 2), ('max_pool_3x3', 0), ('sep_conv_3x3', 2);Genotype(normal=[('sep_conv_5x5', 1), ('sep_conv_3x3', 0), ('sep_conv_3x3', 1), ('sep_conv_3x3', 2), ('sep_conv_5x5', 1), ('sep_conv_3x3', 2), ('sep_conv_3x3', 1), ('sep_conv_3x3', 3)], normal_concat=range(2, 6), reduce=[('max_pool_3x3', 0), ('sep_conv_5x5', 1), ('sep_conv_5x5', 2), ('max_pool_3x3', 0), ('max_pool_3x3', 0), ('sep_conv_3x3', 2), ('max_pool_3x3', 0), ('sep_conv_3x3', 2)], reduce_concat=range(2, 6));88,268;83,66
17/12/2025 19:15;15;('sep_conv_5x5', 1), ('sep_conv_3x3', 0), ('sep_conv_3x3', 1), ('sep_conv_3x3', 0), ('sep_conv_5x5', 1), ('sep_conv_3x3', 2), ('sep_conv_3x3', 1), ('sep_conv_3x3', 3);('max_pool_3x3', 0), ('sep_conv_5x5', 1), ('sep_conv_5x5', 2), ('max_pool_3x3', 0), ('max_pool_3x3', 0), ('sep_conv_3x3', 2), ('max_pool_3x3', 0), ('sep_conv_3x3', 2);Genotype(normal=[('sep_conv_5x5', 1), ('sep_conv_3x3', 0), ('sep_conv_3x3', 1), ('sep_conv_3x3', 0), ('sep_conv_5x5', 1), ('sep_conv_3x3', 2), ('sep_conv_3x3', 1), ('sep_conv_3x3', 3)], normal_concat=range(2, 6), reduce=[('max_pool_3x3', 0), ('sep_conv_5x5', 1), ('sep_conv_5x5', 2), ('max_pool_3x3', 0), ('max_pool_3x3', 0), ('sep_conv_3x3', 2), ('max_pool_3x3', 0), ('sep_conv_3x3', 2)], reduce_concat=range(2, 6));88,768;82,856
17/12/2025 19:24;16;('sep_conv_5x5', 1), ('skip_connect', 0), ('sep_conv_3x3', 1), ('skip_connect', 0), ('sep_conv_5x5', 1), ('sep_conv_3x3', 2), ('sep_conv_3x3', 1), ('sep_conv_3x3', 3);('max_pool_3x3', 0), ('sep_conv_5x5', 1), ('sep_conv_5x5', 2), ('max_pool_3x3', 0), ('max_pool_3x3', 0), ('sep_conv_3x3', 2), ('max_pool_3x3', 0), ('sep_conv_3x3', 2);Genotype(normal=[('sep_conv_5x5', 1), ('skip_connect', 0), ('sep_conv_3x3', 1), ('skip_connect', 0), ('sep_conv_5x5', 1), ('sep_conv_3x3', 2), ('sep_conv_3x3', 1), ('sep_conv_3x3', 3)], normal_concat=range(2, 6), reduce=[('max_pool_3x3', 0), ('sep_conv_5x5', 1), ('sep_conv_5x5', 2), ('max_pool_3x3', 0), ('max_pool_3x3', 0), ('sep_conv_3x3', 2), ('max_pool_3x3', 0), ('sep_conv_3x3', 2)], reduce_concat=range(2, 6));89,456;83,484
17/12/2025 19:34;17;('sep_conv_5x5', 1), ('skip_connect', 0), ('sep_conv_3x3', 1), ('skip_connect', 0), ('sep_conv_5x5', 1), ('sep_conv_3x3', 2), ('sep_conv_3x3', 1), ('dil_conv_5x5', 4);('max_pool_3x3', 0), ('sep_conv_5x5', 1), ('sep_conv_5x5', 2), ('max_pool_3x3', 0), ('max_pool_3x3', 0), ('skip_connect', 3), ('max_pool_3x3', 0), ('sep_conv_3x3', 2);Genotype(normal=[('sep_conv_5x5', 1), ('skip_connect', 0), ('sep_conv_3x3', 1), ('skip_connect', 0), ('sep_conv_5x5', 1), ('sep_conv_3x3', 2), ('sep_conv_3x3', 1), ('dil_conv_5x5', 4)], normal_concat=range(2, 6), reduce=[('max_pool_3x3', 0), ('sep_conv_5x5', 1), ('sep_conv_5x5', 2), ('max_pool_3x3', 0), ('max_pool_3x3', 0), ('skip_connect', 3), ('max_pool_3x3', 0), ('sep_conv_3x3', 2)], reduce_concat=range(2, 6));89,972;83,84
17/12/2025 19:43;18;('sep_conv_5x5', 1), ('skip_connect', 0), ('sep_conv_3x3', 1), ('skip_connect', 0), ('sep_conv_5x5', 1), ('sep_conv_3x3', 2), ('sep_conv_3x3', 1), ('dil_conv_5x5', 4);('max_pool_3x3', 0), ('sep_conv_5x5', 1), ('max_pool_3x3', 0), ('sep_conv_5x5', 2), ('max_pool_3x3', 0), ('skip_connect', 3), ('max_pool_3x3', 0), ('sep_conv_3x3', 2);Genotype(normal=[('sep_conv_5x5', 1), ('skip_connect', 0), ('sep_conv_3x3', 1), ('skip_connect', 0), ('sep_conv_5x5', 1), ('sep_conv_3x3', 2), ('sep_conv_3x3', 1), ('dil_conv_5x5', 4)], normal_concat=range(2, 6), reduce=[('max_pool_3x3', 0), ('sep_conv_5x5', 1), ('max_pool_3x3', 0), ('sep_conv_5x5', 2), ('max_pool_3x3', 0), ('skip_connect', 3), ('max_pool_3x3', 0), ('sep_conv_3x3', 2)], reduce_concat=range(2, 6));90,584;83,928
17/12/2025 19:53;19;('sep_conv_5x5', 1), ('skip_connect', 0), ('sep_conv_3x3', 1), ('skip_connect', 0), ('sep_conv_5x5', 1), ('sep_conv_3x3', 2), ('sep_conv_3x3', 1), ('dil_conv_5x5', 4);('max_pool_3x3', 0), ('sep_conv_5x5', 1), ('max_pool_3x3', 0), ('sep_conv_5x5', 2), ('max_pool_3x3', 0), ('skip_connect', 3), ('max_pool_3x3', 0), ('sep_conv_3x3', 2);Genotype(normal=[('sep_conv_5x5', 1), ('skip_connect', 0), ('sep_conv_3x3', 1), ('skip_connect', 0), ('sep_conv_5x5', 1), ('sep_conv_3x3', 2), ('sep_conv_3x3', 1), ('dil_conv_5x5', 4)], normal_concat=range(2, 6), reduce=[('max_pool_3x3', 0), ('sep_conv_5x5', 1), ('max_pool_3x3', 0), ('sep_conv_5x5', 2), ('max_pool_3x3', 0), ('skip_connect', 3), ('max_pool_3x3', 0), ('sep_conv_3x3', 2)], reduce_concat=range(2, 6));91,3;84,852
17/12/2025 20:02;20;('sep_conv_5x5', 1), ('skip_connect', 0), ('sep_conv_3x3', 1), ('skip_connect', 0), ('sep_conv_5x5', 1), ('sep_conv_3x3', 2), ('sep_conv_3x3', 1), ('dil_conv_5x5', 4);('max_pool_3x3', 0), ('sep_conv_5x5', 1), ('max_pool_3x3', 0), ('sep_conv_5x5', 2), ('max_pool_3x3', 0), ('skip_connect', 3), ('max_pool_3x3', 0), ('sep_conv_3x3', 2);Genotype(normal=[('sep_conv_5x5', 1), ('skip_connect', 0), ('sep_conv_3x3', 1), ('skip_connect', 0), ('sep_conv_5x5', 1), ('sep_conv_3x3', 2), ('sep_conv_3x3', 1), ('dil_conv_5x5', 4)], normal_concat=range(2, 6), reduce=[('max_pool_3x3', 0), ('sep_conv_5x5', 1), ('max_pool_3x3', 0), ('sep_conv_5x5', 2), ('max_pool_3x3', 0), ('skip_connect', 3), ('max_pool_3x3', 0), ('sep_conv_3x3', 2)], reduce_concat=range(2, 6));92,304;85,04
17/12/2025 20:12;21;('sep_conv_5x5', 1), ('skip_connect', 0), ('sep_conv_3x3', 1), ('skip_connect', 0), ('sep_conv_5x5', 1), ('sep_conv_3x3', 2), ('sep_conv_3x3', 1), ('dil_conv_5x5', 4);('max_pool_3x3', 0), ('sep_conv_5x5', 1), ('max_pool_3x3', 0), ('sep_conv_5x5', 2), ('max_pool_3x3', 0), ('skip_connect', 3), ('max_pool_3x3', 0), ('sep_conv_3x3', 2);Genotype(normal=[('sep_conv_5x5', 1), ('skip_connect', 0), ('sep_conv_3x3', 1), ('skip_connect', 0), ('sep_conv_5x5', 1), ('sep_conv_3x3', 2), ('sep_conv_3x3', 1), ('dil_conv_5x5', 4)], normal_concat=range(2, 6), reduce=[('max_pool_3x3', 0), ('sep_conv_5x5', 1), ('max_pool_3x3', 0), ('sep_conv_5x5', 2), ('max_pool_3x3', 0), ('skip_connect', 3), ('max_pool_3x3', 0), ('sep_conv_3x3', 2)], reduce_concat=range(2, 6));92,668;84,896
17/12/2025 20:22;22;('sep_conv_5x5', 1), ('skip_connect', 0), ('sep_conv_3x3', 1), ('skip_connect', 0), ('sep_conv_5x5', 1), ('sep_conv_3x3', 2), ('sep_conv_3x3', 1), ('sep_conv_3x3', 0);('max_pool_3x3', 0), ('sep_conv_5x5', 1), ('max_pool_3x3', 0), ('sep_conv_5x5', 2), ('max_pool_3x3', 0), ('skip_connect', 3), ('max_pool_3x3', 0), ('sep_conv_3x3', 2);Genotype(normal=[('sep_conv_5x5', 1), ('skip_connect', 0), ('sep_conv_3x3', 1), ('skip_connect', 0), ('sep_conv_5x5', 1), ('sep_conv_3x3', 2), ('sep_conv_3x3', 1), ('sep_conv_3x3', 0)], normal_concat=range(2, 6), reduce=[('max_pool_3x3', 0), ('sep_conv_5x5', 1), ('max_pool_3x3', 0), ('sep_conv_5x5', 2), ('max_pool_3x3', 0), ('skip_connect', 3), ('max_pool_3x3', 0), ('sep_conv_3x3', 2)], reduce_concat=range(2, 6));93,224;85,156
17/12/2025 20:31;23;('sep_conv_5x5', 1), ('skip_connect', 0), ('sep_conv_3x3', 1), ('skip_connect', 0), ('sep_conv_5x5', 1), ('sep_conv_3x3', 2), ('sep_conv_3x3', 1), ('dil_conv_3x3', 0);('max_pool_3x3', 0), ('sep_conv_5x5', 1), ('max_pool_3x3', 0), ('sep_conv_5x5', 2), ('max_pool_3x3', 0), ('skip_connect', 3), ('max_pool_3x3', 0), ('sep_conv_3x3', 2);Genotype(normal=[('sep_conv_5x5', 1), ('skip_connect', 0), ('sep_conv_3x3', 1), ('skip_connect', 0), ('sep_conv_5x5', 1), ('sep_conv_3x3', 2), ('sep_conv_3x3', 1), ('dil_conv_3x3', 0)], normal_concat=range(2, 6), reduce=[('max_pool_3x3', 0), ('sep_conv_5x5', 1), ('max_pool_3x3', 0), ('sep_conv_5x5', 2), ('max_pool_3x3', 0), ('skip_connect', 3), ('max_pool_3x3', 0), ('sep_conv_3x3', 2)], reduce_concat=range(2, 6));93,66;85,552
17/12/2025 20:41;24;('skip_connect', 0), ('sep_conv_5x5', 1), ('sep_conv_3x3', 1), ('skip_connect', 0), ('sep_conv_5x5', 1), ('sep_conv_3x3', 2), ('sep_conv_3x3', 1), ('skip_connect', 0);('max_pool_3x3', 0), ('sep_conv_5x5', 1), ('max_pool_3x3', 0), ('sep_conv_5x5', 2), ('max_pool_3x3', 0), ('skip_connect', 3), ('max_pool_3x3', 0), ('sep_conv_3x3', 2);Genotype(normal=[('skip_connect', 0), ('sep_conv_5x5', 1), ('sep_conv_3x3', 1), ('skip_connect', 0), ('sep_conv_5x5', 1), ('sep_conv_3x3', 2), ('sep_conv_3x3', 1), ('skip_connect', 0)], normal_concat=range(2, 6), reduce=[('max_pool_3x3', 0), ('sep_conv_5x5', 1), ('max_pool_3x3', 0), ('sep_conv_5x5', 2), ('max_pool_3x3', 0), ('skip_connect', 3), ('max_pool_3x3', 0), ('sep_conv_3x3', 2)], reduce_concat=range(2, 6));94,36;85,104
17/12/2025 20:50;25;('skip_connect', 0), ('sep_conv_5x5', 1), ('sep_conv_3x3', 1), ('skip_connect', 0), ('sep_conv_5x5', 1), ('sep_conv_3x3', 2), ('sep_conv_3x3', 1), ('skip_connect', 0);('max_pool_3x3', 0), ('sep_conv_5x5', 1), ('max_pool_3x3', 0), ('sep_conv_5x5', 2), ('max_pool_3x3', 0), ('skip_connect', 3), ('max_pool_3x3', 0), ('sep_conv_3x3', 2);Genotype(normal=[('skip_connect', 0), ('sep_conv_5x5', 1), ('sep_conv_3x3', 1), ('skip_connect', 0), ('sep_conv_5x5', 1), ('sep_conv_3x3', 2), ('sep_conv_3x3', 1), ('skip_connect', 0)], normal_concat=range(2, 6), reduce=[('max_pool_3x3', 0), ('sep_conv_5x5', 1), ('max_pool_3x3', 0), ('sep_conv_5x5', 2), ('max_pool_3x3', 0), ('skip_connect', 3), ('max_pool_3x3', 0), ('sep_conv_3x3', 2)], reduce_concat=range(2, 6));94,496;85,76
17/12/2025 21:00;26;('skip_connect', 0), ('sep_conv_5x5', 1), ('sep_conv_3x3', 1), ('skip_connect', 0), ('sep_conv_5x5', 1), ('sep_conv_3x3', 2), ('skip_connect', 0), ('sep_conv_3x3', 1);('max_pool_3x3', 0), ('sep_conv_5x5', 1), ('max_pool_3x3', 0), ('sep_conv_5x5', 2), ('max_pool_3x3', 0), ('skip_connect', 3), ('max_pool_3x3', 0), ('sep_conv_3x3', 2);Genotype(normal=[('skip_connect', 0), ('sep_conv_5x5', 1), ('sep_conv_3x3', 1), ('skip_connect', 0), ('sep_conv_5x5', 1), ('sep_conv_3x3', 2), ('skip_connect', 0), ('sep_conv_3x3', 1)], normal_concat=range(2, 6), reduce=[('max_pool_3x3', 0), ('sep_conv_5x5', 1), ('max_pool_3x3', 0), ('sep_conv_5x5', 2), ('max_pool_3x3', 0), ('skip_connect', 3), ('max_pool_3x3', 0), ('sep_conv_3x3', 2)], reduce_concat=range(2, 6));95,204;86,528
17/12/2025 21:09;27;('skip_connect', 0), ('sep_conv_5x5', 1), ('sep_conv_3x3', 1), ('skip_connect', 0), ('sep_conv_5x5', 1), ('sep_conv_3x3', 0), ('skip_connect', 0), ('sep_conv_3x3', 1);('max_pool_3x3', 0), ('sep_conv_5x5', 1), ('max_pool_3x3', 0), ('sep_conv_5x5', 2), ('max_pool_3x3', 0), ('skip_connect', 3), ('max_pool_3x3', 0), ('sep_conv_3x3', 2);Genotype(normal=[('skip_connect', 0), ('sep_conv_5x5', 1), ('sep_conv_3x3', 1), ('skip_connect', 0), ('sep_conv_5x5', 1), ('sep_conv_3x3', 0), ('skip_connect', 0), ('sep_conv_3x3', 1)], normal_concat=range(2, 6), reduce=[('max_pool_3x3', 0), ('sep_conv_5x5', 1), ('max_pool_3x3', 0), ('sep_conv_5x5', 2), ('max_pool_3x3', 0), ('skip_connect', 3), ('max_pool_3x3', 0), ('sep_conv_3x3', 2)], reduce_concat=range(2, 6));95,376;86,396
17/12/2025 21:19;28;('skip_connect', 0), ('sep_conv_5x5', 1), ('sep_conv_3x3', 1), ('skip_connect', 0), ('sep_conv_5x5', 1), ('skip_connect', 0), ('skip_connect', 0), ('sep_conv_3x3', 1);('max_pool_3x3', 0), ('sep_conv_5x5', 1), ('max_pool_3x3', 0), ('sep_conv_5x5', 2), ('max_pool_3x3', 0), ('skip_connect', 3), ('max_pool_3x3', 0), ('sep_conv_3x3', 2);Genotype(normal=[('skip_connect', 0), ('sep_conv_5x5', 1), ('sep_conv_3x3', 1), ('skip_connect', 0), ('sep_conv_5x5', 1), ('skip_connect', 0), ('skip_connect', 0), ('sep_conv_3x3', 1)], normal_concat=range(2, 6), reduce=[('max_pool_3x3', 0), ('sep_conv_5x5', 1), ('max_pool_3x3', 0), ('sep_conv_5x5', 2), ('max_pool_3x3', 0), ('skip_connect', 3), ('max_pool_3x3', 0), ('sep_conv_3x3', 2)], reduce_concat=range(2, 6));96,144;85,836
17/12/2025 21:28;29;('skip_connect', 0), ('sep_conv_5x5', 1), ('sep_conv_3x3', 1), ('skip_connect', 0), ('skip_connect', 0), ('sep_conv_5x5', 1), ('skip_connect', 0), ('sep_conv_3x3', 1);('max_pool_3x3', 0), ('sep_conv_5x5', 1), ('max_pool_3x3', 0), ('sep_conv_5x5', 2), ('max_pool_3x3', 0), ('skip_connect', 3), ('avg_pool_3x3', 0), ('sep_conv_3x3', 2);Genotype(normal=[('skip_connect', 0), ('sep_conv_5x5', 1), ('sep_conv_3x3', 1), ('skip_connect', 0), ('skip_connect', 0), ('sep_conv_5x5', 1), ('skip_connect', 0), ('sep_conv_3x3', 1)], normal_concat=range(2, 6), reduce=[('max_pool_3x3', 0), ('sep_conv_5x5', 1), ('max_pool_3x3', 0), ('sep_conv_5x5', 2), ('max_pool_3x3', 0), ('skip_connect', 3), ('avg_pool_3x3', 0), ('sep_conv_3x3', 2)], reduce_concat=range(2, 6));96,476;85,448
17/12/2025 21:38;30;('skip_connect', 0), ('sep_conv_5x5', 1), ('sep_conv_3x3', 1), ('skip_connect', 0), ('skip_connect', 0), ('sep_conv_5x5', 1), ('skip_connect', 0), ('sep_conv_3x3', 1);('max_pool_3x3', 0), ('sep_conv_5x5', 1), ('max_pool_3x3', 0), ('sep_conv_5x5', 2), ('max_pool_3x3', 0), ('skip_connect', 3), ('avg_pool_3x3', 0), ('sep_conv_3x3', 2);Genotype(normal=[('skip_connect', 0), ('sep_conv_5x5', 1), ('sep_conv_3x3', 1), ('skip_connect', 0), ('skip_connect', 0), ('sep_conv_5x5', 1), ('skip_connect', 0), ('sep_conv_3x3', 1)], normal_concat=range(2, 6), reduce=[('max_pool_3x3', 0), ('sep_conv_5x5', 1), ('max_pool_3x3', 0), ('sep_conv_5x5', 2), ('max_pool_3x3', 0), ('skip_connect', 3), ('avg_pool_3x3', 0), ('sep_conv_3x3', 2)], reduce_concat=range(2, 6));96,968;86,672
17/12/2025 21:47;31;('skip_connect', 0), ('sep_conv_5x5', 1), ('sep_conv_3x3', 1), ('skip_connect', 0), ('skip_connect', 0), ('sep_conv_5x5', 1), ('skip_connect', 0), ('sep_conv_3x3', 1);('max_pool_3x3', 0), ('sep_conv_5x5', 1), ('max_pool_3x3', 0), ('sep_conv_5x5', 2), ('max_pool_3x3', 0), ('skip_connect', 3), ('avg_pool_3x3', 0), ('sep_conv_3x3', 2);Genotype(normal=[('skip_connect', 0), ('sep_conv_5x5', 1), ('sep_conv_3x3', 1), ('skip_connect', 0), ('skip_connect', 0), ('sep_conv_5x5', 1), ('skip_connect', 0), ('sep_conv_3x3', 1)], normal_concat=range(2, 6), reduce=[('max_pool_3x3', 0), ('sep_conv_5x5', 1), ('max_pool_3x3', 0), ('sep_conv_5x5', 2), ('max_pool_3x3', 0), ('skip_connect', 3), ('avg_pool_3x3', 0), ('sep_conv_3x3', 2)], reduce_concat=range(2, 6));97,312;86,928
17/12/2025 21:57;32;('skip_connect', 0), ('sep_conv_5x5', 1), ('skip_connect', 0), ('sep_conv_3x3', 1), ('skip_connect', 0), ('sep_conv_5x5', 1), ('skip_connect', 0), ('sep_conv_3x3', 1);('max_pool_3x3', 0), ('sep_conv_5x5', 1), ('max_pool_3x3', 0), ('sep_conv_5x5', 2), ('max_pool_3x3', 0), ('skip_connect', 3), ('avg_pool_3x3', 0), ('sep_conv_3x3', 2);Genotype(normal=[('skip_connect', 0), ('sep_conv_5x5', 1), ('skip_connect', 0), ('sep_conv_3x3', 1), ('skip_connect', 0), ('sep_conv_5x5', 1), ('skip_connect', 0), ('sep_conv_3x3', 1)], normal_concat=range(2, 6), reduce=[('max_pool_3x3', 0), ('sep_conv_5x5', 1), ('max_pool_3x3', 0), ('sep_conv_5x5', 2), ('max_pool_3x3', 0), ('skip_connect', 3), ('avg_pool_3x3', 0), ('sep_conv_3x3', 2)], reduce_concat=range(2, 6));97,776;87,332
17/12/2025 22:06;33;('skip_connect', 0), ('sep_conv_5x5', 1), ('skip_connect', 0), ('sep_conv_3x3', 1), ('skip_connect', 0), ('sep_conv_5x5', 1), ('skip_connect', 0), ('sep_conv_3x3', 1);('max_pool_3x3', 0), ('sep_conv_5x5', 1), ('max_pool_3x3', 0), ('sep_conv_5x5', 2), ('max_pool_3x3', 0), ('skip_connect', 3), ('avg_pool_3x3', 0), ('skip_connect', 3);Genotype(normal=[('skip_connect', 0), ('sep_conv_5x5', 1), ('skip_connect', 0), ('sep_conv_3x3', 1), ('skip_connect', 0), ('sep_conv_5x5', 1), ('skip_connect', 0), ('sep_conv_3x3', 1)], normal_concat=range(2, 6), reduce=[('max_pool_3x3', 0), ('sep_conv_5x5', 1), ('max_pool_3x3', 0), ('sep_conv_5x5', 2), ('max_pool_3x3', 0), ('skip_connect', 3), ('avg_pool_3x3', 0), ('skip_connect', 3)], reduce_concat=range(2, 6));97,928;87,284
17/12/2025 22:16;34;('skip_connect', 0), ('sep_conv_5x5', 1), ('skip_connect', 0), ('sep_conv_3x3', 1), ('skip_connect', 0), ('sep_conv_5x5', 1), ('skip_connect', 0), ('sep_conv_3x3', 1);('max_pool_3x3', 0), ('sep_conv_5x5', 1), ('max_pool_3x3', 0), ('dil_conv_3x3', 2), ('max_pool_3x3', 0), ('skip_connect', 3), ('avg_pool_3x3', 0), ('skip_connect', 3);Genotype(normal=[('skip_connect', 0), ('sep_conv_5x5', 1), ('skip_connect', 0), ('sep_conv_3x3', 1), ('skip_connect', 0), ('sep_conv_5x5', 1), ('skip_connect', 0), ('sep_conv_3x3', 1)], normal_concat=range(2, 6), reduce=[('max_pool_3x3', 0), ('sep_conv_5x5', 1), ('max_pool_3x3', 0), ('dil_conv_3x3', 2), ('max_pool_3x3', 0), ('skip_connect', 3), ('avg_pool_3x3', 0), ('skip_connect', 3)], reduce_concat=range(2, 6));98,324;87,484
17/12/2025 22:25;35;('skip_connect', 0), ('sep_conv_5x5', 1), ('skip_connect', 0), ('sep_conv_3x3', 1), ('skip_connect', 0), ('sep_conv_5x5', 1), ('skip_connect', 0), ('sep_conv_3x3', 1);('max_pool_3x3', 0), ('sep_conv_5x5', 1), ('max_pool_3x3', 0), ('dil_conv_3x3', 2), ('max_pool_3x3', 0), ('skip_connect', 3), ('avg_pool_3x3', 0), ('skip_connect', 3);Genotype(normal=[('skip_connect', 0), ('sep_conv_5x5', 1), ('skip_connect', 0), ('sep_conv_3x3', 1), ('skip_connect', 0), ('sep_conv_5x5', 1), ('skip_connect', 0), ('sep_conv_3x3', 1)], normal_concat=range(2, 6), reduce=[('max_pool_3x3', 0), ('sep_conv_5x5', 1), ('max_pool_3x3', 0), ('dil_conv_3x3', 2), ('max_pool_3x3', 0), ('skip_connect', 3), ('avg_pool_3x3', 0), ('skip_connect', 3)], reduce_concat=range(2, 6));98,716;87,516
17/12/2025 22:35;36;('skip_connect', 0), ('sep_conv_5x5', 1), ('skip_connect', 0), ('sep_conv_3x3', 1), ('skip_connect', 0), ('sep_conv_5x5', 1), ('skip_connect', 0), ('sep_conv_3x3', 1);('max_pool_3x3', 0), ('sep_conv_5x5', 1), ('max_pool_3x3', 0), ('dil_conv_3x3', 2), ('max_pool_3x3', 0), ('skip_connect', 3), ('avg_pool_3x3', 0), ('skip_connect', 3);Genotype(normal=[('skip_connect', 0), ('sep_conv_5x5', 1), ('skip_connect', 0), ('sep_conv_3x3', 1), ('skip_connect', 0), ('sep_conv_5x5', 1), ('skip_connect', 0), ('sep_conv_3x3', 1)], normal_concat=range(2, 6), reduce=[('max_pool_3x3', 0), ('sep_conv_5x5', 1), ('max_pool_3x3', 0), ('dil_conv_3x3', 2), ('max_pool_3x3', 0), ('skip_connect', 3), ('avg_pool_3x3', 0), ('skip_connect', 3)], reduce_concat=range(2, 6));98,928;87,972
17/12/2025 22:44;37;('skip_connect', 0), ('sep_conv_5x5', 1), ('skip_connect', 0), ('sep_conv_3x3', 1), ('skip_connect', 0), ('sep_conv_5x5', 1), ('skip_connect', 0), ('sep_conv_3x3', 1);('avg_pool_3x3', 0), ('sep_conv_5x5', 1), ('max_pool_3x3', 0), ('dil_conv_3x3', 2), ('skip_connect', 3), ('avg_pool_3x3', 0), ('avg_pool_3x3', 0), ('skip_connect', 3);Genotype(normal=[('skip_connect', 0), ('sep_conv_5x5', 1), ('skip_connect', 0), ('sep_conv_3x3', 1), ('skip_connect', 0), ('sep_conv_5x5', 1), ('skip_connect', 0), ('sep_conv_3x3', 1)], normal_concat=range(2, 6), reduce=[('avg_pool_3x3', 0), ('sep_conv_5x5', 1), ('max_pool_3x3', 0), ('dil_conv_3x3', 2), ('skip_connect', 3), ('avg_pool_3x3', 0), ('avg_pool_3x3', 0), ('skip_connect', 3)], reduce_concat=range(2, 6));99,028;87,908
17/12/2025 22:54;38;('skip_connect', 0), ('sep_conv_5x5', 1), ('skip_connect', 0), ('sep_conv_3x3', 1), ('skip_connect', 0), ('sep_conv_5x5', 1), ('skip_connect', 0), ('sep_conv_3x3', 1);('max_pool_3x3', 0), ('sep_conv_5x5', 1), ('max_pool_3x3', 0), ('dil_conv_3x3', 2), ('skip_connect', 3), ('avg_pool_3x3', 0), ('avg_pool_3x3', 0), ('skip_connect', 3);Genotype(normal=[('skip_connect', 0), ('sep_conv_5x5', 1), ('skip_connect', 0), ('sep_conv_3x3', 1), ('skip_connect', 0), ('sep_conv_5x5', 1), ('skip_connect', 0), ('sep_conv_3x3', 1)], normal_concat=range(2, 6), reduce=[('max_pool_3x3', 0), ('sep_conv_5x5', 1), ('max_pool_3x3', 0), ('dil_conv_3x3', 2), ('skip_connect', 3), ('avg_pool_3x3', 0), ('avg_pool_3x3', 0), ('skip_connect', 3)], reduce_concat=range(2, 6));99,032;88,044
17/12/2025 23:03;39;('skip_connect', 0), ('sep_conv_5x5', 1), ('skip_connect', 0), ('sep_conv_3x3', 1), ('skip_connect', 0), ('sep_conv_5x5', 1), ('skip_connect', 0), ('sep_conv_3x3', 1);('avg_pool_3x3', 0), ('sep_conv_5x5', 1), ('avg_pool_3x3', 0), ('dil_conv_3x3', 2), ('skip_connect', 3), ('avg_pool_3x3', 0), ('avg_pool_3x3', 0), ('skip_connect', 3);Genotype(normal=[('skip_connect', 0), ('sep_conv_5x5', 1), ('skip_connect', 0), ('sep_conv_3x3', 1), ('skip_connect', 0), ('sep_conv_5x5', 1), ('skip_connect', 0), ('sep_conv_3x3', 1)], normal_concat=range(2, 6), reduce=[('avg_pool_3x3', 0), ('sep_conv_5x5', 1), ('avg_pool_3x3', 0), ('dil_conv_3x3', 2), ('skip_connect', 3), ('avg_pool_3x3', 0), ('avg_pool_3x3', 0), ('skip_connect', 3)], reduce_concat=range(2, 6));99,28;88,284
17/12/2025 23:13;40;('skip_connect', 0), ('sep_conv_5x5', 1), ('skip_connect', 0), ('sep_conv_3x3', 1), ('skip_connect', 0), ('sep_conv_5x5', 1), ('skip_connect', 0), ('sep_conv_3x3', 1);('avg_pool_3x3', 0), ('sep_conv_5x5', 1), ('avg_pool_3x3', 0), ('dil_conv_3x3', 2), ('skip_connect', 3), ('avg_pool_3x3', 0), ('avg_pool_3x3', 0), ('skip_connect', 3);Genotype(normal=[('skip_connect', 0), ('sep_conv_5x5', 1), ('skip_connect', 0), ('sep_conv_3x3', 1), ('skip_connect', 0), ('sep_conv_5x5', 1), ('skip_connect', 0), ('sep_conv_3x3', 1)], normal_concat=range(2, 6), reduce=[('avg_pool_3x3', 0), ('sep_conv_5x5', 1), ('avg_pool_3x3', 0), ('dil_conv_3x3', 2), ('skip_connect', 3), ('avg_pool_3x3', 0), ('avg_pool_3x3', 0), ('skip_connect', 3)], reduce_concat=range(2, 6));99,248;88,088
17/12/2025 23:24;41;('skip_connect', 0), ('sep_conv_5x5', 1), ('skip_connect', 0), ('sep_conv_3x3', 1), ('skip_connect', 0), ('sep_conv_5x5', 1), ('skip_connect', 0), ('sep_conv_3x3', 1);('avg_pool_3x3', 0), ('sep_conv_5x5', 1), ('avg_pool_3x3', 0), ('dil_conv_3x3', 2), ('skip_connect', 3), ('avg_pool_3x3', 0), ('avg_pool_3x3', 0), ('skip_connect', 3);Genotype(normal=[('skip_connect', 0), ('sep_conv_5x5', 1), ('skip_connect', 0), ('sep_conv_3x3', 1), ('skip_connect', 0), ('sep_conv_5x5', 1), ('skip_connect', 0), ('sep_conv_3x3', 1)], normal_concat=range(2, 6), reduce=[('avg_pool_3x3', 0), ('sep_conv_5x5', 1), ('avg_pool_3x3', 0), ('dil_conv_3x3', 2), ('skip_connect', 3), ('avg_pool_3x3', 0), ('avg_pool_3x3', 0), ('skip_connect', 3)], reduce_concat=range(2, 6));99,428;88,324
17/12/2025 23:37;42;('skip_connect', 0), ('sep_conv_5x5', 1), ('skip_connect', 0), ('sep_conv_3x3', 1), ('skip_connect', 0), ('sep_conv_5x5', 1), ('skip_connect', 0), ('sep_conv_3x3', 1);('avg_pool_3x3', 0), ('sep_conv_5x5', 1), ('avg_pool_3x3', 0), ('dil_conv_3x3', 2), ('skip_connect', 3), ('avg_pool_3x3', 0), ('avg_pool_3x3', 0), ('skip_connect', 3);Genotype(normal=[('skip_connect', 0), ('sep_conv_5x5', 1), ('skip_connect', 0), ('sep_conv_3x3', 1), ('skip_connect', 0), ('sep_conv_5x5', 1), ('skip_connect', 0), ('sep_conv_3x3', 1)], normal_concat=range(2, 6), reduce=[('avg_pool_3x3', 0), ('sep_conv_5x5', 1), ('avg_pool_3x3', 0), ('dil_conv_3x3', 2), ('skip_connect', 3), ('avg_pool_3x3', 0), ('avg_pool_3x3', 0), ('skip_connect', 3)], reduce_concat=range(2, 6));99,488;88,3
17/12/2025 23:52;43;('skip_connect', 0), ('sep_conv_5x5', 1), ('skip_connect', 0), ('sep_conv_3x3', 1), ('skip_connect', 0), ('sep_conv_5x5', 1), ('skip_connect', 0), ('sep_conv_3x3', 1);('avg_pool_3x3', 0), ('sep_conv_5x5', 1), ('avg_pool_3x3', 0), ('dil_conv_3x3', 2), ('skip_connect', 3), ('avg_pool_3x3', 0), ('avg_pool_3x3', 0), ('skip_connect', 3);Genotype(normal=[('skip_connect', 0), ('sep_conv_5x5', 1), ('skip_connect', 0), ('sep_conv_3x3', 1), ('skip_connect', 0), ('sep_conv_5x5', 1), ('skip_connect', 0), ('sep_conv_3x3', 1)], normal_concat=range(2, 6), reduce=[('avg_pool_3x3', 0), ('sep_conv_5x5', 1), ('avg_pool_3x3', 0), ('dil_conv_3x3', 2), ('skip_connect', 3), ('avg_pool_3x3', 0), ('avg_pool_3x3', 0), ('skip_connect', 3)], reduce_concat=range(2, 6));99,512;88,392
18/12/2025 0:03;44;('skip_connect', 0), ('sep_conv_5x5', 1), ('skip_connect', 0), ('sep_conv_3x3', 1), ('skip_connect', 0), ('sep_conv_5x5', 1), ('skip_connect', 0), ('dil_conv_5x5', 1);('avg_pool_3x3', 0), ('sep_conv_5x5', 1), ('avg_pool_3x3', 0), ('dil_conv_3x3', 2), ('skip_connect', 3), ('avg_pool_3x3', 0), ('avg_pool_3x3', 0), ('skip_connect', 3);Genotype(normal=[('skip_connect', 0), ('sep_conv_5x5', 1), ('skip_connect', 0), ('sep_conv_3x3', 1), ('skip_connect', 0), ('sep_conv_5x5', 1), ('skip_connect', 0), ('dil_conv_5x5', 1)], normal_concat=range(2, 6), reduce=[('avg_pool_3x3', 0), ('sep_conv_5x5', 1), ('avg_pool_3x3', 0), ('dil_conv_3x3', 2), ('skip_connect', 3), ('avg_pool_3x3', 0), ('avg_pool_3x3', 0), ('skip_connect', 3)], reduce_concat=range(2, 6));99,504;88,224
18/12/2025 0:15;45;('skip_connect', 0), ('sep_conv_5x5', 1), ('skip_connect', 0), ('sep_conv_3x3', 1), ('skip_connect', 0), ('sep_conv_5x5', 1), ('skip_connect', 0), ('dil_conv_5x5', 1);('avg_pool_3x3', 0), ('sep_conv_5x5', 1), ('avg_pool_3x3', 0), ('dil_conv_3x3', 2), ('skip_connect', 3), ('avg_pool_3x3', 0), ('avg_pool_3x3', 0), ('skip_connect', 3);Genotype(normal=[('skip_connect', 0), ('sep_conv_5x5', 1), ('skip_connect', 0), ('sep_conv_3x3', 1), ('skip_connect', 0), ('sep_conv_5x5', 1), ('skip_connect', 0), ('dil_conv_5x5', 1)], normal_concat=range(2, 6), reduce=[('avg_pool_3x3', 0), ('sep_conv_5x5', 1), ('avg_pool_3x3', 0), ('dil_conv_3x3', 2), ('skip_connect', 3), ('avg_pool_3x3', 0), ('avg_pool_3x3', 0), ('skip_connect', 3)], reduce_concat=range(2, 6));99,6;88,484
18/12/2025 0:27;46;('skip_connect', 0), ('sep_conv_5x5', 1), ('skip_connect', 0), ('sep_conv_3x3', 1), ('skip_connect', 0), ('sep_conv_5x5', 1), ('skip_connect', 0), ('dil_conv_5x5', 1);('avg_pool_3x3', 0), ('sep_conv_5x5', 1), ('avg_pool_3x3', 0), ('dil_conv_3x3', 2), ('skip_connect', 3), ('avg_pool_3x3', 0), ('avg_pool_3x3', 0), ('skip_connect', 3);Genotype(normal=[('skip_connect', 0), ('sep_conv_5x5', 1), ('skip_connect', 0), ('sep_conv_3x3', 1), ('skip_connect', 0), ('sep_conv_5x5', 1), ('skip_connect', 0), ('dil_conv_5x5', 1)], normal_concat=range(2, 6), reduce=[('avg_pool_3x3', 0), ('sep_conv_5x5', 1), ('avg_pool_3x3', 0), ('dil_conv_3x3', 2), ('skip_connect', 3), ('avg_pool_3x3', 0), ('avg_pool_3x3', 0), ('skip_connect', 3)], reduce_concat=range(2, 6));99,596;88,284
18/12/2025 0:38;47;('skip_connect', 0), ('sep_conv_5x5', 1), ('skip_connect', 0), ('sep_conv_3x3', 1), ('skip_connect', 0), ('sep_conv_5x5', 1), ('skip_connect', 0), ('dil_conv_5x5', 1);('avg_pool_3x3', 0), ('sep_conv_5x5', 1), ('avg_pool_3x3', 0), ('dil_conv_3x3', 2), ('skip_connect', 3), ('avg_pool_3x3', 0), ('avg_pool_3x3', 0), ('skip_connect', 3);Genotype(normal=[('skip_connect', 0), ('sep_conv_5x5', 1), ('skip_connect', 0), ('sep_conv_3x3', 1), ('skip_connect', 0), ('sep_conv_5x5', 1), ('skip_connect', 0), ('dil_conv_5x5', 1)], normal_concat=range(2, 6), reduce=[('avg_pool_3x3', 0), ('sep_conv_5x5', 1), ('avg_pool_3x3', 0), ('dil_conv_3x3', 2), ('skip_connect', 3), ('avg_pool_3x3', 0), ('avg_pool_3x3', 0), ('skip_connect', 3)], reduce_concat=range(2, 6));99,608;88,312
18/12/2025 0:52;48;('skip_connect', 0), ('sep_conv_5x5', 1), ('skip_connect', 0), ('sep_conv_3x3', 1), ('skip_connect', 0), ('sep_conv_5x5', 1), ('skip_connect', 0), ('dil_conv_5x5', 1);('avg_pool_3x3', 0), ('sep_conv_5x5', 1), ('avg_pool_3x3', 0), ('dil_conv_3x3', 2), ('skip_connect', 3), ('avg_pool_3x3', 0), ('avg_pool_3x3', 0), ('skip_connect', 3);Genotype(normal=[('skip_connect', 0), ('sep_conv_5x5', 1), ('skip_connect', 0), ('sep_conv_3x3', 1), ('skip_connect', 0), ('sep_conv_5x5', 1), ('skip_connect', 0), ('dil_conv_5x5', 1)], normal_concat=range(2, 6), reduce=[('avg_pool_3x3', 0), ('sep_conv_5x5', 1), ('avg_pool_3x3', 0), ('dil_conv_3x3', 2), ('skip_connect', 3), ('avg_pool_3x3', 0), ('avg_pool_3x3', 0), ('skip_connect', 3)], reduce_concat=range(2, 6));99,572;88,116
18/12/2025 1:03;49;('skip_connect', 0), ('sep_conv_5x5', 1), ('skip_connect', 0), ('sep_conv_3x3', 1), ('skip_connect', 0), ('sep_conv_5x5', 1), ('skip_connect', 0), ('dil_conv_5x5', 1);('avg_pool_3x3', 0), ('sep_conv_5x5', 1), ('avg_pool_3x3', 0), ('dil_conv_3x3', 2), ('skip_connect', 3), ('avg_pool_3x3', 0), ('avg_pool_3x3', 0), ('skip_connect', 3);Genotype(normal=[('skip_connect', 0), ('sep_conv_5x5', 1), ('skip_connect', 0), ('sep_conv_3x3', 1), ('skip_connect', 0), ('sep_conv_5x5', 1), ('skip_connect', 0), ('dil_conv_5x5', 1)], normal_concat=range(2, 6), reduce=[('avg_pool_3x3', 0), ('sep_conv_5x5', 1), ('avg_pool_3x3', 0), ('dil_conv_3x3', 2), ('skip_connect', 3), ('avg_pool_3x3', 0), ('avg_pool_3x3', 0), ('skip_connect', 3)], reduce_concat=range(2, 6));99,596;88,64
